{"air_temp": {"min": 295.3, "max": 304.5, "mean": 300.00493}, "proc_temp": {"min": 305.7, "max": 313.8, "mean": 310.00555999999995}, "rpm": {"min": 1168, "max": 2886, "mean": 1538.7761}, "torque": {"min": 3.8, "max": 76.6, "mean": 39.986909999999995}, "tool_wear": {"min": 0, "max": 253, "mean": 107.951}}